-- MySQL dump 10.13  Distrib 8.0.13, for Win64 (x86_64)
--
-- Host: localhost    Database: wisdom
-- ------------------------------------------------------
-- Server version	8.0.13

/*!40101 SET @OLD_CHARACTER_SET_CLIENT=@@CHARACTER_SET_CLIENT */;
/*!40101 SET @OLD_CHARACTER_SET_RESULTS=@@CHARACTER_SET_RESULTS */;
/*!40101 SET @OLD_COLLATION_CONNECTION=@@COLLATION_CONNECTION */;
 SET NAMES utf8 ;
/*!40103 SET @OLD_TIME_ZONE=@@TIME_ZONE */;
/*!40103 SET TIME_ZONE='+00:00' */;
/*!40014 SET @OLD_UNIQUE_CHECKS=@@UNIQUE_CHECKS, UNIQUE_CHECKS=0 */;
/*!40014 SET @OLD_FOREIGN_KEY_CHECKS=@@FOREIGN_KEY_CHECKS, FOREIGN_KEY_CHECKS=0 */;
/*!40101 SET @OLD_SQL_MODE=@@SQL_MODE, SQL_MODE='NO_AUTO_VALUE_ON_ZERO' */;
/*!40111 SET @OLD_SQL_NOTES=@@SQL_NOTES, SQL_NOTES=0 */;

--
-- Table structure for table `benefits`
--

DROP TABLE IF EXISTS `benefits`;
/*!40101 SET @saved_cs_client     = @@character_set_client */;
 SET character_set_client = utf8mb4 ;
CREATE TABLE `benefits` (
  `benefitID` int(10) NOT NULL AUTO_INCREMENT,
  `title` varchar(255) COLLATE utf8_unicode_ci NOT NULL,
  `description` text COLLATE utf8_unicode_ci,
  `createdAt` datetime DEFAULT NULL,
  `updatedAt` datetime DEFAULT NULL,
  `herbID` int(10) DEFAULT NULL,
  PRIMARY KEY (`benefitID`),
  KEY `herbID` (`herbID`),
  CONSTRAINT `benefits_ibfk_1` FOREIGN KEY (`herbID`) REFERENCES `herbs` (`herbid`) ON DELETE SET NULL ON UPDATE CASCADE
) ENGINE=InnoDB AUTO_INCREMENT=34 DEFAULT CHARSET=utf8 COLLATE=utf8_unicode_ci;
/*!40101 SET character_set_client = @saved_cs_client */;

--
-- Dumping data for table `benefits`
--

LOCK TABLES `benefits` WRITE;
/*!40000 ALTER TABLE `benefits` DISABLE KEYS */;
INSERT INTO `benefits` VALUES (1,'แก่น','รถมันฝาดขม บำรุงร่างกาย บำรุงธาตุ บำรุงไขมัน เป็นยาอายุวัฒนะ แก้ไข้จับสั่น มองคร่อ ฮืด   ไอ แก้ริดสีดวง แก้ท้องมาน แก้ลงท้อง มูกเลือด แก้แน่นอก บำรุงม้าม ขับลม แก้โลหิตพิการ แก้ปวดแสบปวดร้อนตามผิวหนังและร่างกาย','2019-04-25 05:13:10','2019-04-25 05:13:10',1),(2,'ใบ','รสขม ตำพอกฝี ทาแก้โรคผิวหนังอักเสบ ตำคั้นเอาน้ำให้เด็กกิน แก้ท้องเสีย','2019-04-25 05:21:34','2019-04-25 05:21:34',2),(3,'หัว','รสขม บำรุงหัวใจ แก้ม้ามย้อย ตับโต หรืออวัยวะในช่องท้องบวมโต','2019-04-25 05:21:34','2019-04-25 05:21:34',2),(4,'ราก','รสขม บำรุงน้ำดี แก้ไข้ ดับพิษไข้ แก้ปวดศีรษะ แก้จุกเสียด บททา ฝีฝักบัว แก้ตับโต ม้ามย้อย อวัยวะในช่องท้องบวมโต','2019-04-25 05:21:34','2019-04-25 05:21:34',2),(5,'ทั้งเถา','รสขม ต้มอาบ แก้เม็ดผดผื่นคัน แก้ไขหัว ไข้พิษไข้กาฬ ต้มดื่มบำรุงน้ำดี ขับเสมหะ ดับพิษ แก้ไอเป็นเลือด','2019-04-25 05:21:34','2019-04-25 05:21:34',2),(6,'ลูก','รสขม บำรุงน้ำดี แก้พิษเสมหะ และโลหิต ถ่ายพิษเสมหะให้ตก แก้พิษตานซางแก้ตานขโมย ขับพยาธิ เป็นยาถ่ายอย่างแรง ใช้ควันรม แก้หืด','2019-04-25 05:21:34','2019-04-25 05:21:34',2),(7,'ใบ','รถเบื่อฝาด ฆ่าเชื้อกามโรค แก้หืด','2019-04-25 05:23:28','2019-04-25 05:23:28',3),(8,'ดอก','รถหอมสุขุม แก้ลม บำรุงโลหิต','2019-04-25 05:23:28','2019-04-25 05:23:28',3),(9,'เมล็ด','รถเฝือน ขับปัสสาวะ','2019-04-25 05:23:28','2019-04-25 05:23:28',3),(10,'กระพี้','รสเมาเบื่อ แก้เกลื้อน','2019-04-25 05:23:28','2019-04-25 05:23:28',3),(11,'เปลือกต้น','รสฝาด ฆ่าแมลงกินฟัน แก้เหงือกอักเสบ','2019-04-25 05:23:28','2019-04-25 05:23:28',3),(12,'แก่น','รสขมเฝื่อน บำรุงโลหิต แก้ไข้','2019-04-25 05:23:28','2019-04-25 05:23:28',3),(13,'ราก','รสขมเฝื่อน บำรุงโลหิต แก้เสมหะ','2019-04-25 05:23:28','2019-04-25 05:23:28',3),(14,'ใบสด','รสเย็นฝาด กำกับกากมะพร้าวก้นกะลา พอกหรือทา แก้แผลพุพอง แก้แผลเรื้อรัง แก้พิษฝีดาษ ใช้ยอด 3 ยอด ตำพอกหรือทาลบรอยแผลเป็น','2019-04-25 05:24:33','2019-04-25 05:24:33',4),(15,'ดอก','รสหอมเย็นขม บำรุงหัวใจ ดับพิษร้อน ทำให้จิตใจชุ่มชื้น บำรุงครรภ์ แก้ไข้ แก้ร้อนในกระหายน้ำ แก้เจ็บตาคำ','2019-04-25 05:24:33','2019-04-25 05:24:33',4),(16,'เถา','รสขื่นเย็น แก้คุดทะราด ขับเสมหะและโลหิต','2019-04-25 05:24:33','2019-04-25 05:24:33',4),(17,'ราก','รสเย็นเมา ใช้เล็กน้อยฝนหรือต้มดื่มแก้ปวด แก้ปวดศีรษะ แก้เลือดออกตามไรฟัน แก้หลอดลมอักเสบ ใช้มาก(ประมาณ  1-2  ข้อนิ้วมือ) ทำให้สลบ ตำพอกหรือทาแก้เคล็ดขัดยอกจากการกระทบกระแทกต่าง ๆ','2019-04-25 05:24:33','2019-04-25 05:24:33',4),(18,'ทั้งต้น','รสหอมร้อนขมเล็กน้อย บำรุงกำลัง ขับระดู ถ่ายน้ำเหลือง ขับลม','2019-04-25 05:28:50','2019-04-25 05:28:50',5),(19,'ใบ,ราก','รสสุขุม แก้ไข้','2019-04-25 05:28:50','2019-04-25 05:28:50',5),(20,'ใบ','รสกร่อยขื่น รักษาบาดแผล แก้โรคผิวหนัง         ใช้ใบสดประมาณ  2 กำมือ เคี่ยวกับน้ำมะพร้าว ทาแผล แก้โรคผิวหนังผื่นคัน','2019-04-25 05:29:56','2019-04-25 05:29:56',6),(21,'รากและใบ','รสกร่อยขื่น ขับปัสสาวะ แก้ท้องร่วง แก้โรคแผลในกระเพาะอาหาร แก้บิด แก้กามโรคในสตรี สดหรือแห้ง ประมาณ 2 กำมือ ต้มดื่ม ขับปัสสาวะ ต้มอาบหลังคลอด','2019-04-25 05:29:56','2019-04-25 05:29:56',6),(22,'ราก','รสกร่อยขื่น แก้ปวดฟัน แก้อาเจียน ต้มเอาน้ำอม แก้ปวดฟัน ต้มดื่ม แก้อาเจียน','2019-04-25 05:29:56','2019-04-25 05:29:56',6),(23,'ทั้งต้น','รสกร่อยขื่น แก้ปัสสาวะพิการ บำรุงความกำหนัด แก้วัณโรค แก้ไอ แก้ไข้ แก้อักเสบขับน้ำเหลืองเสีย แก้ดีซ่าน ขับนิ่ว แก้บิด แก้เหน็บชา บำรุงหัวใจ แก้กรรมโรคในสตรี มีฤทธิ์เป็นยาปฏิชีวนะ','2019-04-25 05:29:56','2019-04-25 05:29:56',6),(24,'ต้น','รสจืดเฝื่อน ขับเสมหะให้ลงเบื้องต่ำ ขับพิษไข้ทุกชนิด แก้ร้อนใน','2019-04-25 05:30:54','2019-04-25 05:30:54',7),(25,'ราก','รสจืดขื่น ขับเสมหะลงสู่เบื้องต่ำ ถอนพิษไข้ทุกชนิด แก้ร้อนใน กระหายน้ำ แก้หืดไอ  แก้อาเจียน ดับพิษฝี แก้ไข้ชนิดไข้พิษ ไข้กาฬ ดัดไข้จับ แก้ไข้เพื่อดีพิการ','2019-04-25 05:30:54','2019-04-25 05:30:54',7),(26,'ใบ','รสหอมเผ็ดปากขมฝาดเล็กน้อย  ปอมผสมสุราหรือต้มกับน้ำ รับประทานยาแก้ไอ แก้เจ็บคอ  แก้ปอดอักเสบ แก้ช้ำใน  แก้เส้นเลือดฝอยในสมองแตก ทำให้เป็นอัมพาต แก้อาเจียนเป็นเลือด ตำพอกแผลสด ห้ามเลือด สมานแผล แก้อักเสบบวม กระจายเลือกที่จะเป็นก้อนหรือคั่งในสมอง เส้นเลือดในสมองแตกเนื่องจากกระทบกระแทกเป็นอัมพาต','2019-04-25 05:31:48','2019-04-25 05:31:48',8),(27,'ทั้งต้น','รสหอมเผ็ดปร่าขมฝาดเล็กน้อย ปรุงยาแก้ปวดเมื่อยเนื้อตัว แก้อัมพฤกษ์ ทำให้เลือดลมเดินสะดวก ต้มดื่ม รักษาโรคกระเพาะอาหารและลำไส้','2019-04-25 05:31:48','2019-04-25 05:31:48',8),(28,'ใบ ราก เถา','รสจืดเย็น ตั้งคั้นหรือเอารากฝนกับน้ำหรือต้มเอาน้ำยาดื่มถอนพิษ แก้ไข้ ถอนพิษยาเบื่อเมา แก้ร้อนในกระหายน้ำ แก้ประจําเดือนไม่ปกติ แก้ปวดหู ตำพอก แก้ปวดบวม','2019-04-25 05:37:11','2019-04-25 05:37:11',9),(29,'ราก','รสจืดเย็น แก้อักเสบ แก้ปวดบวม','2019-04-25 05:37:11','2019-04-25 05:37:11',9),(30,'ทั้งต้น','รสจืดเย็น ปรุงแก้มะเร็ง','2019-04-25 05:37:11','2019-04-25 05:37:11',9),(31,'เนื้อไม้, เปลือก','รสฝาดมันติดร้อน บำรุงกำลัง เจริญอาหารขับลมในลำไส้บำรุงเส้น เอ็นให้แข็งแรงแก้ปวดเมื่อยตามร่างกาย บำรุงธาตุ เป็นยาอายุวัฒนะ','2019-04-25 05:38:02','2019-04-25 05:38:02',10),(32,'เถา','รสเมาเบื่อฝาดสุขุม ต้มหรือดองสุราดื่ม บำรุงโลหิต ฟอกโลหิต แก้โลหิตเป็นพิษทำให้ร้อนร้อน แก้ปวดตามข้อ แก้ไขข้อพิการ เข้าข้อ แก้ประดง ขับผายลม ฟอกและขับโลหิตระดู','2019-04-25 05:38:52','2019-04-25 05:38:52',11),(33,'ราก','รสเมาเบื่อฝาด ต้มหรือดองสุราดื่ม ขับโลหิตระดู บำรุงโลหิต ดับพิษร้อนของโลหิต','2019-04-25 05:38:52','2019-04-25 05:38:52',11);
/*!40000 ALTER TABLE `benefits` ENABLE KEYS */;
UNLOCK TABLES;

--
-- Table structure for table `drugs`
--

DROP TABLE IF EXISTS `drugs`;
/*!40101 SET @saved_cs_client     = @@character_set_client */;
 SET character_set_client = utf8mb4 ;
CREATE TABLE `drugs` (
  `drugID` int(10) NOT NULL AUTO_INCREMENT,
  `title` varchar(255) COLLATE utf8_unicode_ci NOT NULL,
  `description` text COLLATE utf8_unicode_ci,
  `drugImage` varchar(255) COLLATE utf8_unicode_ci DEFAULT NULL,
  `path` varchar(255) COLLATE utf8_unicode_ci DEFAULT NULL,
  `createdAt` datetime DEFAULT NULL,
  `updatedAt` datetime DEFAULT NULL,
  PRIMARY KEY (`drugID`)
) ENGINE=InnoDB DEFAULT CHARSET=utf8 COLLATE=utf8_unicode_ci;
/*!40101 SET character_set_client = @saved_cs_client */;

--
-- Dumping data for table `drugs`
--

LOCK TABLES `drugs` WRITE;
/*!40000 ALTER TABLE `drugs` DISABLE KEYS */;
/*!40000 ALTER TABLE `drugs` ENABLE KEYS */;
UNLOCK TABLES;

--
-- Table structure for table `events`
--

DROP TABLE IF EXISTS `events`;
/*!40101 SET @saved_cs_client     = @@character_set_client */;
 SET character_set_client = utf8mb4 ;
CREATE TABLE `events` (
  `eventID` int(10) NOT NULL AUTO_INCREMENT,
  `title` varchar(255) COLLATE utf8_unicode_ci NOT NULL,
  `description` text COLLATE utf8_unicode_ci,
  `date` datetime NOT NULL,
  `eventImage` varchar(255) COLLATE utf8_unicode_ci DEFAULT NULL,
  `path` varchar(255) COLLATE utf8_unicode_ci DEFAULT NULL,
  `createdAt` datetime DEFAULT NULL,
  `updatedAt` datetime DEFAULT NULL,
  PRIMARY KEY (`eventID`)
) ENGINE=InnoDB DEFAULT CHARSET=utf8 COLLATE=utf8_unicode_ci;
/*!40101 SET character_set_client = @saved_cs_client */;

--
-- Dumping data for table `events`
--

LOCK TABLES `events` WRITE;
/*!40000 ALTER TABLE `events` DISABLE KEYS */;
/*!40000 ALTER TABLE `events` ENABLE KEYS */;
UNLOCK TABLES;

--
-- Table structure for table `herbs`
--

DROP TABLE IF EXISTS `herbs`;
/*!40101 SET @saved_cs_client     = @@character_set_client */;
 SET character_set_client = utf8mb4 ;
CREATE TABLE `herbs` (
  `herbID` int(10) NOT NULL AUTO_INCREMENT,
  `title` varchar(255) COLLATE utf8_unicode_ci NOT NULL,
  `description` text COLLATE utf8_unicode_ci,
  `createdAt` datetime DEFAULT NULL,
  `updatedAt` datetime DEFAULT NULL,
  PRIMARY KEY (`herbID`)
) ENGINE=InnoDB AUTO_INCREMENT=12 DEFAULT CHARSET=utf8 COLLATE=utf8_unicode_ci;
/*!40101 SET character_set_client = @saved_cs_client */;

--
-- Dumping data for table `herbs`
--

LOCK TABLES `herbs` WRITE;
/*!40000 ALTER TABLE `herbs` DISABLE KEYS */;
INSERT INTO `herbs` VALUES (1,'ตำเสา','ชื่ออื่น : กันเกรา ,มันปลา (อีสาน) ,ตาเตรา (เขมร),ตำมะซู(มลายู), ทำเสา(ใต้),ปันปลา(กบินทร์) \nเป็นไม้ยืนต้นขนาดกลาง ใบเดี่ยว คล้ายใบพิกุลแต่บางและยาวกว่า สีเขียว ใบอ่อน สีตองอ่อน ผิวมันเงา ดอกเป็นช่อใหญ่ สีเหลืองส้ม กลิ่นหอมเข้ม ผลกลมสีแดง เกิดตามป่าเบญจพรรณ ป่าเต็งรังทั่วไป ขยายพันธุ์ด้วยเมล็ด\n','2019-04-25 05:13:10','2019-04-25 05:13:10'),(2,'ขี้กาแดง','ชื่ออื่น : แตงโมป่า (กาญจนบุรี), มะกาดิน (ชลบุรี), กายิงอ (มลายู)\nเป็นต้นมาพาดพันตามต้นไม้อื่น ใบและเผาคล้ายเถาฟักข้าว ใบเดี่ยวรูปไข่เกือบกลม 5 เหลี่ยมหรือแฉกลึก 5 แฉก โคนเว้ารูปหัวใจขอบค่อนข้างเรียบปลายแหลมผิวหยาบสาบด้านล่างมีขน ยาวประมาณ 4 นิ้ง เขามีมือจับ ดอกเพศผู้เพศเมียแยกจากกัน ดอกเพศผู้ ออกเป็นช่อยาวประมาณ  10- 20 เซนติเมตร ดอกเพศเมีย เป็นดอกเดี่ยว ฐานดอกเป็นหลอดยาว กลีบรูปไข่กลับปลายแหลมสีขาว ผลกลมรี เมื่อสุกสีแดง เมื่อแห้งเนื้อโปร่งเหมือนฟองน้ำ เกิดตามป่าทั่วไป ขยายพันธุ์ด้วยเมล็ด','2019-04-25 05:21:34','2019-04-25 05:21:34'),(3,'ดอกพิกุล','ชื่ออื่น : แก้ว (เหนือ), กุล (ใต้) Bullet Wood\nเป็นไม้ยืนต้นขนาดกลางถึงใหญ่ แผ่กิ่งก้านสาขามาก ใบเดี่ยวรูปหอก ปลายแหลม ผิวเรียบมัน ขอบเรียบ ยาว  4-6 นิ้ว ดอกเล็ก ๆ กรีบจักเล็ก สีขาวออกเหลือง ผลรูปไข่ ยาวราว  1-2  เซนติเมตร ผลสุกสีแสด เกิดตามป่าเบญจพรรณ ปลูกเป็นไม้ประดับ ขยายพันธุ์ด้วยเมล็ด','2019-04-25 05:23:28','2019-04-25 05:23:28'),(4,'มะลิลา','ชื่ออื่น : มะลิ, ข้าวแตก (ฉาน-แม่ฮ่องสอน), เตียมูน (ละว้า), มะลิป้อม (เหนือ), มะลิขี้ไก่ (เชียงใหม่),  บักหลีฮวย, เซี่ยวหน่ำเค้ยง (จีน) เป็นไม้พุ่มขนาดย่อม สูงราว  1-2  เมตร  แตกกิ่งก้านสาขามาก ใบเดียว รูปไข่ป้อมปลายแหลม สีเขียวเข้ม ดอกเล็กเหมือนพู่กัน มีโคนเป็นหลอด สีขาว กลีบดอกมีชั้นเดียวหรือสองชั้น กลิ่นหอมเย็น ปลูกไว้เก็บดอกขาย มะลิซ้อน ชื่อวิทยาศาสตร์และชื่อสามัญ เหมือนมะลิลา ต้นใบและขนาดเท่ากัน แต่มีดอกโตกว่าเล็กน้อย มีกลีบซ้อนกันมาก ดอกสีขาว','2019-04-25 05:24:33','2019-04-25 05:24:33'),(5,'กัญชาเทศ','ชื่ออื่น : ซ้าซา (นครพนม), ส่าน้ำ (เลย), เจี๋ยบ่อเช้า (จีน) เป็นไม้ล้มลุกมีอายุปีเดียว สูงประมาณ  1 เมตร ใบเดียวหยักลึก คล้ายใบกัญชา โตแนะนำกว่ากัญชาและไม่เหม็นเขียว ดอกเล็ก ๆ สีชมพูขาว ออกเป็นช่อตั้ง เกิดตามที่ราบลุ่มริมตลิ่ง พบมากริมโขงตอนล่างตลอดแนวหลังน้ำลด ขยายพันธุ์ด้วยเมล็ด','2019-04-25 05:28:50','2019-04-25 05:28:50'),(6,'โด่ไม่รู้ล้ม','ชื่ออื่น : ยาไก่นกคุ้ม, ยาสามสิบสองหาบ,  ขนาดผา (เหนือ), คิงไฟนกคุ้ม(ชัยภูมิ), หนาดมีแคลน (สุราษฎร์ธานี), หญ้าปราบ (ใต้), วตาชีโกวะ (กะเหรี่ยง-แม่ฮ่องสอน), หญ้าไฟ, นกคุ้มหนาดผา (กะเหรี่ยง), โข่วตี่ต้า (เเต้จิ๋ว), ขู่ตี้ต่าน (จีนกลาง) เป็นพืชล้มลุกอายุหลายปีลำต้นแข็งตั้งตรงสูงประมาณ  2-3  ฟุต ใบเดี่ยวเรียงตัวกันรอบโคนต้นคล้ายใบยาสูบ ตรงปลายกว้างโคนสอบ แผ่เป็นกับเล็ก ๆ หุ้มลำต้น ริมใบจักกว้าง ๆ ดอกช่อ ออกเป็นกระจุกอัดกันแน่นอยู่ที่ปลายก้าน ถ่ายรูปท่อ สีขาวอมม่วง ก้านดอกยกสูงแข็ง ขนทรงกลมเป็นสัน ทั้งต้นมีขนสาก ๆ สีขาว เกิดอยู่ทั่วไปตามที่รกร้างว่างเปล่าตามริมทาง ขยายพันธุ์โดยเมล็ด','2019-04-25 05:29:56','2019-04-25 05:29:56'),(7,'รากท้าวยายม่อมดอกขาว ,ปู่เจ้าหายใจไม่รู้ขาด','ชื่ออื่น : ท้าวยายม่อม, ไม้เท้าฤาษี, พญารากเดียว(ใต้), หญ้าลิงจ้อน, หญ้าเลงจอน (เชียงใหม่) , กาซะลอง, เท้ายายหม่อมตัวเมีย, พินพี, โพพิ่ง เป็นไม้ยืนต้นขนาดย่อม ลำต้นตั้งตรงไม่มีกิ่งก้านสาขา ลำต้นโตเท่านิ้วมือ สูงประมาณ 4-5 เมตร ใบเดี่ยว รูปหอกเล็กเรียวยาว  6-7  นิ้ว ปลายและโคนแหลม สีเขียว ออกตามข้อ ตรงข้ามกันเป็นคู่ ๆ สลับห่างกันเป็นพุ่มที่กลางต้นถึงปลาย ดอกช่อเล็กๆออกเป็นช่อชั้น ๆ ที่ปลายยอด เหมือนฉัตร ดอกคล้ายดอกปีบสีขาว มีจานรองดอก  5 แฉก สีแดงผลกลมเท่าลูกเถาคัน มีรากเดียวพรุ่งตรงลึก เกิดตามที่รกร้างว่างเปล่า ชายป่าทั่วไปขยายพันธุ์ด้วยเมล็ด\n','2019-04-25 05:30:54','2019-04-25 05:30:54'),(8,'หนุมาณประสานกาย','ชื่ออื่น : ชิดฮะลั้ง (จีน) เป็นไม้พุ่มขนาดย่อม สูง 1-3 เมตร ใบประกอบแบบนิ้วมือ ใบย่อย 5 ถึง 7 ใบ รูปหอกแคบปลายและโคนใบเรียวแหลม ไม่หนาเกินไป ผิวและขอบเรียบ ก้านในย่อยสั้น การชอบใบยาว ดอกเล็กสีขาวแกมเหลืองเขียวเป็นช่อ กระจาย ผลกลมเท่าเมล็ดพริกไทย สีเหลือง เป็นพวงหนาแน่น เกิดตามป่าดงดิบเขา เกาะอยู่ตามซอกหินผาและปลูกเอาไว้ทำยา ที่เกิดตามเขาจะมีรสเผ็ดปรำหอมขมฝาดเล็กน้อยแรงกว่าที่ปลูกตามบ้านมากที่ปลูกตามบ้านจะมีรสจืดปรjkเล็กน้อยขยายพันธุ์ด้วยเมล็ดและกิ่งตอน\n','2019-04-25 05:31:48','2019-04-25 05:31:48'),(9,'รางจืดดอกห้องม่วง','ชื่ออื่น : ยาเขียว, เครือเขาเขียว, กำลังช้างเผือก, หนาแน่ (เหนือ), ย่ำแย้ (อุตรดิตถ์), น้ำนอง, คาย(ยะลา), ดุเหวา (ปัตตานี), รางเย็น, ทิดพุด, แอดแอ, รางจืดเถา,  Babbler ‘s Bill Leaf. เป็นไม้เถาเนื้อแข็งขนาดกลาง เถาอ่อนสีเขียว เถาแก่สีน้ำตาล ใบเดี่ยว รูปไข่ปลายเรียวแหลม ขอบส่วนแก้มใบหยักเล็กน้อย ผิวเรียบมันสีเขียวเข้ม ดอกรูปปากแตร สีม่วง ผลกลมมีจะงอยคล้ายหัวนก เกิดตามที่รกร้างว่างเปล่าทั่วไป ขยายพันธุ์ด้วยเมล็ด','2019-04-25 05:37:11','2019-04-25 05:37:11'),(10,'กำลังเสือโคร่ง','ชื่ออื่น : กำลังพญาเสือโคร่ง Betula alnoides Buch Ham. BETULACEAE เป็นต้นไม้ขนาดใหญ่ ใบเดียวรูปไข่โตดกฟนาทึบ เปลือกต้นหนาสีดำ ด้านในสีเหลืองแก่ เนื้อไม้สีขาว เกิดในป่าเบญจพรรรทั่วไป\n','2019-04-25 05:38:02','2019-04-25 05:38:02'),(11,'กำแพงเจ็ดชั้น','ชื่ออื่น : ลุ่มนก,ตะลุ่มนก,หลุมนก(ใต้),น้ำนอง Salacia chinensis Linny    CELASTRACEAE เป็นต้นไม้เถายืนต้นขนาดใหญ่ เนื้ไม้สีแดงเรื่อๆ มีเส้นวงสีดำ ซ้อนกัน ๗-๙ ชั้น ใบเดียว\nรูปหอก ปลายและโคนแหลม ลักษณะเหมือนเถาตาไก้(ตาไก่) แต่วงรอบต้นตาไก้ จะห่างกว่า และไม่ถึง ๗ ชั้น เนื้อกำแพงเจ็ดชั้นจะเข้มและแน่นกว่า สรรพคุณดีกว่า ใช้ตาไก้แทนได้ ยังมีชนิดที่วงมากกว่า ๗ ชั้น เนื้อสีเหลืองวงแดงเข็ม เรียกว่า เถาตากวางมีสรรพคุณดีกว่าทุกชนิด กำแพง ๙ ชั้น เกิดตามป่าเบญจพรรณและป่าละเมาะทั่วทุกภาค ขยายพันธ์ด้วยเมล็ด\n\n','2019-04-25 05:38:52','2019-04-25 05:38:52');
/*!40000 ALTER TABLE `herbs` ENABLE KEYS */;
UNLOCK TABLES;

--
-- Table structure for table `images`
--

DROP TABLE IF EXISTS `images`;
/*!40101 SET @saved_cs_client     = @@character_set_client */;
 SET character_set_client = utf8mb4 ;
CREATE TABLE `images` (
  `imageID` int(10) NOT NULL AUTO_INCREMENT,
  `name` varchar(255) COLLATE utf8_unicode_ci NOT NULL,
  `path` varchar(255) COLLATE utf8_unicode_ci NOT NULL,
  `createdAt` datetime DEFAULT NULL,
  `updatedAt` datetime DEFAULT NULL,
  `herbID` int(10) DEFAULT NULL,
  `eventID` int(10) DEFAULT NULL,
  `drugID` int(10) DEFAULT NULL,
  PRIMARY KEY (`imageID`),
  KEY `herbID` (`herbID`),
  KEY `eventID` (`eventID`),
  KEY `drugID` (`drugID`),
  CONSTRAINT `images_ibfk_1` FOREIGN KEY (`herbID`) REFERENCES `herbs` (`herbid`) ON DELETE SET NULL ON UPDATE CASCADE,
  CONSTRAINT `images_ibfk_2` FOREIGN KEY (`eventID`) REFERENCES `events` (`eventid`) ON DELETE SET NULL ON UPDATE CASCADE,
  CONSTRAINT `images_ibfk_3` FOREIGN KEY (`drugID`) REFERENCES `drugs` (`drugid`) ON DELETE SET NULL ON UPDATE CASCADE
) ENGINE=InnoDB AUTO_INCREMENT=12 DEFAULT CHARSET=utf8 COLLATE=utf8_unicode_ci;
/*!40101 SET character_set_client = @saved_cs_client */;

--
-- Dumping data for table `images`
--

LOCK TABLES `images` WRITE;
/*!40000 ALTER TABLE `images` DISABLE KEYS */;
INSERT INTO `images` VALUES (1,'ตำเสา.jpg','uploads\\ตำเสา.jpg_1556169190879','2019-04-25 05:13:10','2019-04-25 05:13:10',1,NULL,NULL),(2,'ขี้กาแดง.jpg','uploads\\ขี้กาแดง.jpg_1556169694698','2019-04-25 05:21:36','2019-04-25 05:21:36',2,NULL,NULL),(3,'ดอกพิกุล.jpg','uploads\\ดอกพิกุล.jpg_1556169808361','2019-04-25 05:23:28','2019-04-25 05:23:28',3,NULL,NULL),(4,'มะลิลา.jpg','uploads\\มะลิลา.jpg_1556169873563','2019-04-25 05:24:33','2019-04-25 05:24:33',4,NULL,NULL),(5,'กัญชาเทศน์.jpg','uploads\\กัญชาเทศน์.jpg_1556170130167','2019-04-25 05:28:50','2019-04-25 05:28:50',5,NULL,NULL),(6,'โด่ไม่รู้ล้ม.jpg','uploads\\โด่ไม่รู้ล้ม.jpg_1556170196174','2019-04-25 05:29:56','2019-04-25 05:29:56',6,NULL,NULL),(7,'รากท้าวยายม่อมดอกขาว ,ปู่เจ้าหายใจไม่รู้ขาด.jpg','uploads\\รากท้าวยายม่อมดอกขาว ,ปู่เจ้าหายใจไม่รู้ขาด.jpg_1556170254182','2019-04-25 05:30:54','2019-04-25 05:30:54',7,NULL,NULL),(8,'หนุมาณประสานกาย.jpg','uploads\\หนุมาณประสานกาย.jpg_1556170308858','2019-04-25 05:31:48','2019-04-25 05:31:48',8,NULL,NULL),(9,'รางจืดดอกห้องม่วง.jpg','uploads\\รางจืดดอกห้องม่วง.jpg_1556170631827','2019-04-25 05:37:11','2019-04-25 05:37:11',9,NULL,NULL),(10,'กำลังเสือโคร่ง.jpg','uploads\\กำลังเสือโคร่ง.jpg_1556170682718','2019-04-25 05:38:02','2019-04-25 05:38:02',10,NULL,NULL),(11,'กำแพงเจ็ดชั้น.jpg','uploads\\กำแพงเจ็ดชั้น.jpg_1556170732966','2019-04-25 05:38:52','2019-04-25 05:38:52',11,NULL,NULL);
/*!40000 ALTER TABLE `images` ENABLE KEYS */;
UNLOCK TABLES;

--
-- Table structure for table `ingredients`
--

DROP TABLE IF EXISTS `ingredients`;
/*!40101 SET @saved_cs_client     = @@character_set_client */;
 SET character_set_client = utf8mb4 ;
CREATE TABLE `ingredients` (
  `ingredientID` int(10) NOT NULL AUTO_INCREMENT,
  `ingredient` varchar(255) COLLATE utf8_unicode_ci NOT NULL,
  `createdAt` datetime DEFAULT NULL,
  `updatedAt` datetime DEFAULT NULL,
  `drugID` int(10) DEFAULT NULL,
  PRIMARY KEY (`ingredientID`),
  KEY `drugID` (`drugID`),
  CONSTRAINT `ingredients_ibfk_1` FOREIGN KEY (`drugID`) REFERENCES `drugs` (`drugid`) ON DELETE SET NULL ON UPDATE CASCADE
) ENGINE=InnoDB DEFAULT CHARSET=utf8 COLLATE=utf8_unicode_ci;
/*!40101 SET character_set_client = @saved_cs_client */;

--
-- Dumping data for table `ingredients`
--

LOCK TABLES `ingredients` WRITE;
/*!40000 ALTER TABLE `ingredients` DISABLE KEYS */;
/*!40000 ALTER TABLE `ingredients` ENABLE KEYS */;
UNLOCK TABLES;
/*!40103 SET TIME_ZONE=@OLD_TIME_ZONE */;

/*!40101 SET SQL_MODE=@OLD_SQL_MODE */;
/*!40014 SET FOREIGN_KEY_CHECKS=@OLD_FOREIGN_KEY_CHECKS */;
/*!40014 SET UNIQUE_CHECKS=@OLD_UNIQUE_CHECKS */;
/*!40101 SET CHARACTER_SET_CLIENT=@OLD_CHARACTER_SET_CLIENT */;
/*!40101 SET CHARACTER_SET_RESULTS=@OLD_CHARACTER_SET_RESULTS */;
/*!40101 SET COLLATION_CONNECTION=@OLD_COLLATION_CONNECTION */;
/*!40111 SET SQL_NOTES=@OLD_SQL_NOTES */;

-- Dump completed on 2019-04-25 12:41:00
